Project;ncommits;nauthors;from;to;nstars;nforks;lastGHCommitDate;LongestGapStart;LongestGapEnd;LongestGapLength;NumCommitsAfterLastGap;ActivityPattern;NumberOfGapsInTimeline;BeforeThemes;AfterThemes;WhoRecovered;HasRecovered;WhyRecovered;HypothesizedGapReason;LatestDatasetCommit;Currentstatus;RecentThemes;Notes
ajdawson_windspharm;366;23;2012-06-16;2025-10-01;100;39;2026-08-25;2018-09;2021-01;29;45;declining;13;Documentation updates:Release;Bug fixes:Feature development;Both returning and new contributors (2 returning, 10 new);Yes;Development resumed with new getuv methods, maintenance, and compatibility fixes.;Possible reduced maintenance after the v1.7.0 release. The gap followed release preparation, but its cause is unconfirmed.;2025-09-30 10:42:06+00:00;Active;Bug fixes:Dependency updates;The project showed a declining activity pattern, with a longest inactivity gap of 29 month(s). Possible reduced maintenance after the v1.7.0 release. The gap followed release preparation, but its cause is unconfirmed. Development resumed with new getuv methods, maintenance, and compatibility fixes. The underlying cause remains uncertain unless supported by explicit project evidence.
cselab_aphros;10702;8;2017-11-28;2025-07-20;460;52;2025-07-20;2024-08;2025-03;8;2;declining;3;Bug fixes:Feature development;Dependency updates:Feature development;Returning contributors (1);Yes;Limited activity resumed with a CMake update and a new simulation example.;"Possible reduction in development effort or changing research priorities. Pre-gap commits addressed builds and examples; no confirmed cause was found.";2025-07-20 19:57:05+00:00;Active;Bug fixes:Feature development;"The project showed a declining activity pattern, with a longest inactivity gap of 8 month(s). Possible reduction in development effort or changing research priorities. Pre-gap commits addressed builds and examples; no confirmed cause was found. Limited activity resumed with a CMake update and a new simulation example. The underlying cause remains uncertain unless supported by explicit project evidence."
epics-base_pva2pva;660;19;2015-09-04;2025-07-28;5;15;2026-08-02;2023-04;2023-11;8;28;declining;8;Feature development:Bug fixes;Release:Bug fixes;Both returning and new contributors (3 returning, 3 new);Yes;Development resumed with release preparation, compiler fixes, and CI updates.;"Possible pause between release cycles. Development later resumed with v1.4.1 preparation; the cause of the gap is unconfirmed.";2025-07-28 09:07:29+00:00;Active;Bug fixes:Dependency updates;"The project showed a declining activity pattern, with a longest inactivity gap of 8 month(s). Possible pause between release cycles. Development later resumed with v1.4.1 preparation; the cause of the gap is unconfirmed. Development resumed with release preparation, compiler fixes, and CI updates. The underlying cause remains uncertain unless supported by explicit project evidence."
geos-esm_mapl;14975;99;2019-06-07;2026-04-16;45;25;2026-09-23;;;0;0;rising;0;N/A;N/A;N/A - no inactivity gap;N/A - no inactivity gap;N/A - no inactivity gap;N/A active Project;2025-09-30 21:17:27+00:00;Active;Bug fixes:Feature development;The project showed a rising activity pattern with no zero-commit months in the analyzed timeline. Because no inactivity gap was detected, a recovery explanation is not applicable. Its recent development themes were Bug fixes:Feature development.
icbi-lab_luca;578;8;2020-10-29;2025-01-19;94;30;2025-01-19;2023-12;2024-11;12;5;declining;2;Feature development:Dependency updates;Bug fixes:Documentation updates;Both returning and new contributors (1 returning, 1 new);Yes;Contributions resumed with documentation updates and corrections to scientific metadata.;Possible transition from active pipeline development to maintenance of research outputs. No confirmed explanation for the gap.;2025-01-19 10:41:58+00:00;Inactive;Documentation updates:Bug fixes;The project showed a declining activity pattern, with a longest inactivity gap of 12 month(s). Possible transition from active pipeline development to maintenance of research outputs. No confirmed explanation for the gap. Contributions resumed with documentation updates and corrections to scientific metadata. The underlying cause remains uncertain unless supported by explicit project evidence.
knygren_glmbayes;581;7;2014-04-05;2025-11-03;5;1;2026-09-27;2020-09;2025-06;58;269;irregular;5;Feature development:Bug fixes;Dependency updates:Documentation updates;Returning contributors (1);Yes;Development resumed with R compatibility updates and CRAN preparation.;Possible reduced maintenance priority. Development later resumed with R compatibility and CRAN preparation after a 58-month gap.;2025-09-30 20:33:18+00:00;Active;Documentation updates:Feature development;The project showed a irregular activity pattern, with a longest inactivity gap of 58 month(s). Possible reduced maintenance priority. Development later resumed with R compatibility and CRAN preparation after a 58-month gap. Development resumed with R compatibility updates and CRAN preparation. The underlying cause remains uncertain unless supported by explicit project evidence.
learning-at-home_hivemind;6394;89;2020-03-01;2025-10-14;2529;233;2026-01-04;2024-04;2024-04;1;372;declining;0;Bug fixes:Documentation updates;Dependency updates:Bug fixes;Both returning and new contributors (7 returning, 15 new);Yes;Contributions continued after a brief gap, focusing on dependency compatibility and bug fixes.;A one-month gap likely reflects normal variation in contributions. No specific interruption cause was established.;2025-08-18 23:55:38+00:00;Active;Other:Bug fixes;The project showed a declining activity pattern, with a longest inactivity gap of 1 month(s). A one-month gap likely reflects normal variation in contributions. No specific interruption cause was established. Contributions continued after a brief gap, focusing on dependency compatibility and bug fixes. The underlying cause remains uncertain unless supported by explicit project evidence.
nfft_nfft;3965;55;2005-04-13;2025-11-01;188;51;2026-09-28;2023-03;2024-03;13;129;declining;10;Release:Bug fixes;Feature development:Bug fixes;Both returning and new contributors (3 returning, 8 new);Yes;Development resumed with numerical functionality, platform support, and bug fixes.;Possible pause following v3.5.4 release preparation. The 13-month interruption has no confirmed explanation.;2025-09-30 18:06:44+00:00;Active;Bug fixes:Feature development;The project showed a declining activity pattern, with a longest inactivity gap of 13 month(s). Possible pause following v3.5.4 release preparation. The 13-month interruption has no confirmed explanation. Development resumed with numerical functionality, platform support, and bug fixes. The underlying cause remains uncertain unless supported by explicit project evidence.
rapidsai_cuxfilter;2688;76;2018-06-14;2025-11-05;313;81;2026-06-22;2019-01;2019-01;1;2426;irregular;0;Feature development:Bug fixes;Dependency updates:Feature development;Both returning and new contributors (3 returning, 71 new);Yes;Contributions resumed with cuDF compatibility and deployment updates.;A one-month gap may reflect normal development variation or dependency update timing. No confirmed cause was established.;2025-09-24 15:25:27+00:00;Active;Dependency updates:Release;The project showed a irregular activity pattern, with a longest inactivity gap of 1 month(s). A one-month gap may reflect normal development variation or dependency update timing. No confirmed cause was established. Contributions resumed with cuDF compatibility and deployment updates. The underlying cause remains uncertain unless supported by explicit project evidence.
sonvt1710_deepface;2071;110;2020-02-08;2025-10-21;0;0;2026-09-28;2020-10;2020-10;1;1703;irregular;0;Feature development:Bug fixes;Bug fixes:Dependency updates;Both returning and new contributors (2 returning, 101 new);Yes;Development resumed with detection, preprocessing, and performance improvements.;A one-month gap likely reflects normal variation in contributions. No specific cause was established.;2025-09-26 12:24:21+00:00;Active;Feature development:Bug fixes;The project showed a irregular activity pattern, with a longest inactivity gap of 1 month(s). A one-month gap likely reflects normal variation in contributions. No specific cause was established. Development resumed with detection, preprocessing, and performance improvements. The underlying cause remains uncertain unless supported by explicit project evidence.
